,Что уже зафиксировано — переспрашивать не нужно,
,Минимальный тираж — 10 штук.,
,"Пробник: наклейка 1 700 ₽, стикерпак 2 500 ₽, срок 3 дня, зачёт в тираж от 20 000 ₽.",
,"Скидка 30% до 31 августа: стикеры от 1 000 шт, стикерпаки от 500 шт.",
,"Срок: от 3 дней, на 50 000 штук — месяц.",
,,
,Вопросы,
,"Плёнки: белый глянец, фотолюминесцентная, голографическая. Прозрачной нет?","В теории есть, но её можно только в описании оставить, без цены. Ну или совсем убрать."
,1. Пробник стоит 1 700 ₽. Если 10 штук по прайсу выйдут дешевле — пробник теряет смысл.,
,"    Как правильно: десять штук дороже пробника, или пробник сделать дешевле?","Судя по приведенным расчетам, 10 шт всегда дороже пробника"
,"3. Срок между крайними точками: 10 шт — 3 дня, 50 000 — месяц. А 1 000 и 5 000?","Задайте ориентировочно 1000 - 7р.дней, 5000 - 14 р.дней. "
,4. Если заполняете только первую таблицу: на сколько дороже голографическая,
,    и фотолюминесцентная — в рублях за штуку или в процентах? Отдельно за плёнку и за резку.,
,,
,Куда это пойдёт,
,"В калькулятор на лендинге: человек выбирает плёнку, размер и тираж и сразу видит цену",
,"и срок, без ожидания менеджера. Сейчас там временные цифры — они занижены.",