Цены для калькулятора — 3D-стикеры,,,,,
,,,,,
Заполните жёлтые ячейки: цена за ОДНУ ШТУКУ в рублях.,,,,,
"Если три таблицы долго — заполните первую, а по остальным напишите разницу в листе «Вопросы».",,,,,
,,,,,
Белый глянец,"цена за штуку, ₽",,,,
Тираж \ Размер,10×10,15×15,20×20,25×25,50×50
10 шт,400,402,402,"400,7","400,7"
50 шт,80,"80,4","80,4","80,14","111,6"
100 шт,40,"40,2","40,2","40,07","71,1"
500 шт,8,"11,21","14,3","17,38","44,24"
1 000 шт,"5,6","7,15","10,4","13,54","39,95"
5 000 шт,"2,73","4,72","6,82","10,13","37,52"
50 000 шт,2,"3,96","6,04",9,"33,23"
,,,,,
Голографическая,"цена за штуку, ₽",,,,
Тираж \ Размер,10×10,15×15,20×20,25×25,50×50
10 шт,443,"443,7","443,7","441,1","441,1"
50 шт,"88,74","88,74","88,74","88,22","133,38"
100 шт,"44,37","44,37","44,37","44,11",89
500 шт,"8,87","13,44","17,96","22,2","66,78"
1 000 шт,"6,72","8,98","13,4","17,53","62,54"
5 000 шт,"3,54","6,38","10,55","14,59","59,67"
50 000 шт,"2,86","5,88","9,73","13,75","56,69"
,,,,,
Фотолюминесцентная,"цена за штуку, ₽",,,,
Тираж \ Размер,10×10,15×15,20×20,25×25,50×50
10 шт,560,560,560,609,609
50 шт,112,112,112,"121,72","121,72"
100 шт,56,56,56,"60,86","91,63"
500 шт,"17,43","17,43","23,54","24,36","63,37"
1 000 шт,"11,8","14,77","17,71","18,04","54,78"
5 000 шт,"6,83","10,44","14,31","13,68","50,58"
50 000 шт,"5,81","9,21","12,98","12,09","45,17"
,,,,,
примечание:  стикеры сдаются на печатных листах. Поштучная резка возможна при размере от 4см (за дополнительную плату),,,,,
,,,,,
Стикерпаки (пленка белый глянец),"цена за ЛИСТ, ₽",,,,
Тираж \ Формат,А7,А6,А5,,
10,"405,5",564,714,,
50,213,277,446,,
100,171,227,403,,
500,137,201,378,,
1 000,134,193,370,,